"INCIDENTNAME","INCIDENTSTARTDATE","total","missing_roofmaterial"
"Clover","2013-09-09T00:00:00.0Z",222,222
"Cocos","2014-05-14T00:00:00.0Z",49,49
"Black","2014-09-13T00:00:00.0Z",11,11
"Boles","2014-09-15T00:00:00.0Z",250,0
"Round","2015-02-06T00:00:00.0Z",59,0
"Rocky","2015-07-29T00:00:00.0Z",110,18
"Butte","2015-09-09T00:00:00.0Z",964,4
"Tassajara","2015-09-19T00:00:00.0Z",19,0
"Erskine","2016-06-24T00:00:00.0Z",409,0
"Soberanes","2016-07-22T00:00:00.0Z",73,0
"Goose","2016-07-30T00:00:00.0Z",10,0
"Chimney","2016-08-13T00:00:00.0Z",78,3
"Clayton","2016-08-13T00:00:00.0Z",327,18
"Grade","2016-08-24T00:00:00.0Z",13,0
"Owens River","2016-09-17T00:00:00.0Z",7,0
"Loma","2016-09-26T00:00:00.0Z",29,0
"Fay","2017-07-05T00:00:00.0Z",1,0
"Alamo","2017-07-06T00:00:00.0Z",15,1
"Wall","2017-07-07T00:00:00.0Z",101,0
"Whittier","2017-07-08T00:00:00.0Z",47,0
"Stone","2017-07-09T00:00:00.0Z",3,0
"Garza","2017-07-10T00:00:00.0Z",1,0
"Detwiler","2017-07-16T00:00:00.0Z",155,8
"Laverne","2017-07-18T00:00:00.0Z",32,0
"Spenceville","2017-07-24T00:00:00.0Z",6,0
"Foothill","2017-07-27T00:00:00.0Z",5,0
"Calgary","2017-08-05T00:00:00.0Z",10,0
"Ponderosa","2017-08-29T00:00:00.0Z",60,1
"Railroad","2017-08-29T00:00:00.0Z",9,0
"Helena","2017-08-30T00:00:00.0Z",139,50
"Pleasant","2017-08-30T00:00:00.0Z",2,0
"Miller","2017-08-31T00:00:00.0Z",5,5
"Cathedral","2017-09-03T00:00:00.0Z",3,0
"Mission","2017-09-03T00:00:00.0Z",11,0
"Peak","2017-09-03T00:00:00.0Z",9,0
"Estate","2017-09-23T00:00:00.0Z",15,0
"Canyon","2017-09-25T00:00:00.0Z",156,0
"Timm","2017-10-02T00:00:00.0Z",1,0
"Atlas","2017-10-08T00:00:00.0Z",1372,0
"Cascade","2017-10-08T00:00:00.0Z",274,92
"Nuns","2017-10-08T00:00:00.0Z",1554,0
"Redwood","2017-10-08T00:00:00.0Z",580,6
"Sulphur","2017-10-08T00:00:00.0Z",170,6
"Tubbs","2017-10-08T00:00:00.0Z",6023,0
"Canyon 2","2017-10-09T00:00:00.0Z",80,0
"Cherokee","2017-10-09T00:00:00.0Z",7,4
"Laporte","2017-10-09T00:00:00.0Z",76,30
"Lobo","2017-10-09T00:00:00.0Z",51,5
"McCourtney","2017-10-09T00:00:00.0Z",14,0
"Pocket","2017-10-09T00:00:00.0Z",10,0
"Thirty Seven","2017-10-09T00:00:00.0Z",4,0
"Bear","2017-10-16T00:00:00.0Z",24,23
"Thomas","2017-12-04T00:00:00.0Z",1365,0
"Skirball","2017-12-06T00:00:00.0Z",90,0
"Lilac","2017-12-07T00:00:00.0Z",246,0
"Frazier","2018-06-03T00:00:00.0Z",2,0
"Ruby","2018-06-14T00:00:00.0Z",26,0
"Pawnee","2018-06-23T00:00:00.0Z",29,0
"Stoll","2018-06-23T00:00:00.0Z",30,0
"Horse","2018-06-24T00:00:00.0Z",2,0
"Hyatt","2018-06-27T00:00:00.0Z",5,0
"Ridge","2018-06-30T00:00:00.0Z",1,0
"Waverly","2018-06-30T00:00:00.0Z",1,0
"County","2018-07-01T00:00:00.0Z",130,0
"Nicolaus","2018-07-01T00:00:00.0Z",1,0
"Colusa","2018-07-05T00:00:00.0Z",1,0
"Klamathon","2018-07-05T00:00:00.0Z",95,0
"Holiday","2018-07-06T00:00:00.0Z",27,0
"Irish","2018-07-06T00:00:00.0Z",2,0
"West","2018-07-06T00:00:00.0Z",64,0
"Vista","2018-07-08T00:00:00.0Z",15,0
"Spring","2018-07-09T00:00:00.0Z",2,0
"Carder","2018-07-21T00:00:00.0Z",1,0
"Carr","2018-07-23T00:00:00.0Z",1890,0
"Cranston","2018-07-25T00:00:00.0Z",17,0
"Marsh","2018-07-25T00:00:00.0Z",1,0
"Ranch","2018-07-27T00:00:00.0Z",348,0
"River","2018-07-27T00:00:00.0Z",538,0
"Steele","2018-07-28T00:00:00.0Z",12,0
"Omega","2018-08-01T00:00:00.0Z",8,0
"Delta","2018-08-04T00:00:00.0Z",46,0
"Wagner","2018-08-04T00:00:00.0Z",7,0
"Holy","2018-08-06T00:00:00.0Z",43,0
"Meyers","2018-09-20T00:00:00.0Z",4,0
"Richmond","2018-09-20T00:00:00.0Z",1,0
"Silver","2018-09-29T00:00:00.0Z",58,57
"Camp","2018-11-08T00:00:00.0Z",23624,0
"Hill","2018-11-08T00:00:00.0Z",30,6
"Woolsey","2018-11-08T00:00:00.0Z",2007,0
"High","2019-05-24T00:00:00.0Z",1,0
"Sand","2019-06-08T00:00:00.0Z",4,0
"Pablo","2019-06-23T00:00:00.0Z",1,0
"Trinity","2019-06-25T00:00:00.0Z",1,0
"Aborn","2019-07-15T00:00:00.0Z",1,0
"Mines","2019-07-15T00:00:00.0Z",1,0
"Rimrock","2019-08-12T00:00:00.0Z",1,0
"Mountain","2019-08-22T00:00:00.0Z",1905,0
"Red Bank","2019-09-05T00:00:00.0Z",2,0
"Swedes","2019-09-07T00:00:00.0Z",11,0
"Saddleridge","2019-10-10T00:00:00.0Z",122,0
"Sandalwood","2019-10-10T00:00:00.0Z",120,0
"Kincade","2019-10-23T00:00:00.0Z",1568,0
"Tick","2019-10-24T00:00:00.0Z",75,0
"Getty","2019-10-28T00:00:00.0Z",42,0
"46th","2019-10-31T00:00:00.0Z",95,0
"Maria","2019-10-31T00:00:00.0Z",4,0
"Quail","2020-06-06T00:00:00.0Z",59,0
"Grant","2020-06-12T00:00:00.0Z",7,0
"Avila","2020-06-15T00:00:00.0Z",1,0
"Nelson","2020-06-17T00:00:00.0Z",14,0
"Brownell","2020-06-27T00:00:00.0Z",2,0
"Montaire","2020-07-04T00:00:00.0Z",1,0
"Crews","2020-07-05T00:00:00.0Z",4,0
"Robinson","2020-07-13T00:00:00.0Z",3,0
"Hog","2020-07-18T00:00:00.0Z",2,0
"Gold","2020-07-20T00:00:00.0Z",34,0
"Coyote ","2020-07-22T00:00:00.0Z",4,0
"Branch","2020-07-28T00:00:00.0Z",8,0
"Apple","2020-07-31T00:00:00.0Z",114,0
"Pond","2020-08-01T00:00:00.0Z",5,0
"Stagecoach","2020-08-03T00:00:00.0Z",156,0
"Lake","2020-08-12T00:00:00.0Z",96,0
"BEU Lightning Cmplx","2020-08-16T00:00:00.0Z",589,0
"CZU Lightning Cmplx","2020-08-16T00:00:00.0Z",4820,0
"LNU Lightning Cmplx","2020-08-16T00:00:00.0Z",5121,0
"Jones","2020-08-17T00:00:00.0Z",36,0
"August Complex","2020-08-18T00:00:00.0Z",357,0
"SCU Lightning Cmplx","2020-08-18T00:00:00.0Z",954,0
"Sheep","2020-08-18T00:00:00.0Z",130,0
"SQF Complex","2020-08-19T00:00:00.0Z",803,0
"Homestead","2020-08-21T00:00:00.0Z",1,0
"Willow","2020-09-01T00:00:00.0Z",26,0
"Creek","2020-09-04T00:00:00.0Z",3467,0
"El Dorado","2020-09-05T00:00:00.0Z",16,0
"Valley","2020-09-05T00:00:00.0Z",2512,8
"Bobcat","2020-09-06T00:00:00.0Z",228,0
"Oak","2020-09-07T00:00:00.0Z",761,0
"Slater","2020-09-08T00:00:00.0Z",449,0
"Dorvel","2020-09-09T00:00:00.0Z",7,0
"North Complex","2020-09-09T00:00:00.0Z",3205,0
"Argyle","2020-09-17T00:00:00.0Z",1,0
"Glass","2020-09-27T00:00:00.0Z",4767,0
"Zogg","2020-09-27T00:00:00.0Z",565,0
"Cameron","2020-10-18T00:00:00.0Z",3,0
"Dersch ","2020-10-25T00:00:00.0Z",3,0
"Blue Ridge","2020-10-26T00:00:00.0Z",326,0
"Silverado","2020-10-26T00:00:00.0Z",1314,0
"Laura 2","2020-11-17T00:00:00.0Z",67,0
"Bond","2020-12-02T00:00:00.0Z",571,0
"Southern","2021-05-01T00:00:00.0Z",3,0
"Dutcher","2021-05-19T00:00:00.0Z",1,0
"Graham","2021-05-27T00:00:00.0Z",6,0
"Pine Flat","2021-05-31T00:00:00.0Z",1,0
"Plumas","2021-06-05T00:00:00.0Z",1,0
"Peach","2021-06-07T00:00:00.0Z",1,0
"Intanko","2021-06-08T00:00:00.0Z",2,0
"Mallard","2021-06-11T00:00:00.0Z",7,0
"Flats","2021-06-13T00:00:00.0Z",4,0
"Lava","2021-06-24T00:00:00.0Z",145,0
"Steins","2021-06-26T00:00:00.0Z",6,0
"Tenant","2021-06-28T00:00:00.0Z",12,0
"Salt","2021-06-30T00:00:00.0Z",97,0
"Beckwourth","2021-07-04T00:00:00.0Z",514,0
"Tamarack","2021-07-04T00:00:00.0Z",396,0
"Broiler","2021-07-07T00:00:00.0Z",7,0
"Creekside","2021-07-12T00:00:00.0Z",2,0
"Dixie","2021-07-13T00:00:00.0Z",3841,0
"Bart","2021-07-29T00:00:00.0Z",1,0
"McFarland","2021-07-29T00:00:00.0Z",138,0
"Antelope","2021-08-01T00:00:00.0Z",131,0
"Monument","2021-08-07T00:00:00.0Z",290,0
"Glen","2021-08-11T00:00:00.0Z",17,0
"Caldor","2021-08-14T00:00:00.0Z",4444,0
"Cache","2021-08-18T00:00:00.0Z",93,0
"French","2021-08-18T00:00:00.0Z",606,0
"Rock","2021-08-24T00:00:00.0Z",11,0
"Washington ","2021-08-26T00:00:00.0Z",19,0
"Windy","2021-09-10T00:00:00.0Z",217,0
"Hopkins","2021-09-12T00:00:00.0Z",83,0
"Fawn","2021-09-22T00:00:00.0Z",730,0
"Alisal","2021-10-11T00:00:00.0Z",183,0
"View","2021-10-11T00:00:00.0Z",1,0
"Colorado","2022-01-21T00:00:00.0Z",15,0
"Emerald","2022-02-10T00:00:00.0Z",16,0
"Coastal","2022-05-11T00:00:00.0Z",133,0
"Nelda","2022-06-06T00:00:00.0Z",4,0
"Rancho","2022-06-13T00:00:00.0Z",38,0
"Rices","2022-06-28T00:00:00.0Z",11,0
"Sandra","2022-06-30T00:00:00.0Z",5,0
"Peter","2022-07-14T00:00:00.0Z",70,0
"Rainbow","2022-07-16T00:00:00.0Z",13,0
"Agua","2022-07-18T00:00:00.0Z",20,0
"Winding","2022-07-18T00:00:00.0Z",15,0
"Anzar","2022-07-21T00:00:00.0Z",27,0
"Fiddletown","2022-07-22T00:00:00.0Z",3,0
"McKinney","2022-07-29T00:00:00.0Z",357,0
"Pebble","2022-07-31T00:00:00.0Z",12,0
"Springs","2022-08-03T00:00:00.0Z",6,0
"McLane","2022-08-12T00:00:00.0Z",1,0
"Marshall","2022-08-20T00:00:00.0Z",2,0
"Still","2022-08-27T00:00:00.0Z",1,0
"Border 32","2022-08-31T00:00:00.0Z",140,0
"Woods","2022-09-01T00:00:00.0Z",1,0
"Mill","2022-09-02T00:00:00.0Z",309,0
"Fairview","2022-09-05T00:00:00.0Z",366,0
"Mosquito","2022-09-06T00:00:00.0Z",667,0
"Fork","2022-09-07T00:00:00.0Z",133,0
"Flowers","2023-05-18T00:00:00.0Z",1,0
"Harney","2023-06-21T00:00:00.0Z",1,0
"Riata","2023-06-28T00:00:00.0Z",3,0
"Oliveira","2023-06-30T00:00:00.0Z",2,0
"Ford","2023-07-02T00:00:00.0Z",2,0
"Whisky","2023-07-03T00:00:00.0Z",9,0
"John","2023-07-04T00:00:00.0Z",9,0
"John 2","2023-07-04T00:00:00.0Z",8,0
"Milton","2023-07-08T00:00:00.0Z",1,0
"Reche","2023-07-17T00:00:00.0Z",1,0
"Usher","2023-07-18T00:00:00.0Z",3,0
"Long","2023-07-25T00:00:00.0Z",3,0
"Bonny","2023-07-27T00:00:00.0Z",17,0
"Gray","2023-07-29T00:00:00.0Z",21,0
"Leonard","2023-08-16T00:00:00.0Z",2,0
"Coyote","2023-08-17T00:00:00.0Z",22,0
"Happy Camp Complex","2023-08-23T00:00:00.0Z",29,0
"Andrew","2023-08-27T00:00:00.0Z",3,0
"Hesperia","2023-09-27T00:00:00.0Z",1,0
"King","2023-10-14T00:00:00.0Z",1,0
"Carmel","2023-10-25T00:00:00.0Z",1,0
"Highland","2023-10-30T00:00:00.0Z",67,0
"Quarry","2023-10-31T00:00:00.0Z",10,0
"Cartago","2024-04-04T00:00:00.0Z",4,0
"Patricia","2024-05-29T00:00:00.0Z",1,0
"Corral","2024-06-01T00:00:00.0Z",4,0
"Junes","2024-06-15T00:00:00.0Z",7,0
"Post","2024-06-15T00:00:00.0Z",54,0
"Point","2024-06-16T00:00:00.0Z",60,0
"Aero","2024-06-17T00:00:00.0Z",90,0
"Sites","2024-06-17T00:00:00.0Z",52,0
"Gulch","2024-06-21T00:00:00.0Z",5,0
"Apache","2024-06-24T00:00:00.0Z",81,0
"FKU June Lightning","2024-06-25T00:00:00.0Z",37,0
"Truitman","2024-06-26T00:00:00.0Z",4,0
"Thompson","2024-07-02T00:00:00.0Z",185,0
"Deer","2024-07-04T00:00:00.0Z",5,0
"Olinda","2024-07-04T00:00:00.0Z",4,0
"Vestal","2024-07-05T00:00:00.0Z",6,0
"Pay","2024-07-06T00:00:00.0Z",49,0
"Bogus","2024-07-08T00:00:00.0Z",5,0
"Railbridge","2024-07-12T00:00:00.0Z",25,0
"White","2024-07-16T00:00:00.0Z",22,0
"Liberty","2024-07-19T00:00:00.0Z",23,0
"Circle","2024-07-23T00:00:00.0Z",12,0
"Borel","2024-07-24T00:00:00.0Z",507,0
"Bullion","2024-07-24T00:00:00.0Z",21,0
"Park","2024-07-24T00:00:00.0Z",2102,0
"Montero","2024-07-26T00:00:00.0Z",8,0
"Nixon","2024-07-29T00:00:00.0Z",119,0
"Sun","2024-07-29T00:00:00.0Z",2,0
"Pedro","2024-07-30T00:00:00.0Z",36,0
"Star","2024-07-30T00:00:00.0Z",2,0
"Coffee Pot","2024-08-01T00:00:00.0Z",2,0
"Purple","2024-08-07T00:00:00.0Z",2,0
"Lower","2024-08-10T00:00:00.0Z",9,0
"Boone","2024-09-03T00:00:00.0Z",78,0
"Line","2024-09-05T00:00:00.0Z",340,0
"Bridge","2024-09-08T00:00:00.0Z",925,0
"Airport","2024-09-09T00:00:00.0Z",379,0
"Posta","2024-10-07T00:00:00.0Z",5,0
"Horseshoe","2024-10-30T00:00:00.0Z",14,0
"Franklin","2024-12-09T00:00:00.0Z",738,0
"Eaton","2025-01-07T00:00:00.0Z",18428,0
"Palisades","2025-01-07T00:00:00.0Z",12137,0
"Pioneer","2025-05-05T00:00:00.0Z",1,0
"Baker","2025-05-11T00:00:00.0Z",1,0
"Matlock","2025-05-11T00:00:00.0Z",2,0
"Bucks","2025-05-12T00:00:00.0Z",4,0
"Academy","2025-05-16T00:00:00.0Z",7,0
"Quarter Horse","2025-05-17T00:00:00.0Z",3,0
"Gunsmoke","2025-05-18T00:00:00.0Z",7,0
"Kincaid","2025-05-20T00:00:00.0Z",3,0
"Upland","2025-05-22T00:00:00.0Z",1,0
"Oak Valley ","2025-05-25T00:00:00.0Z",1,0
"Quartz","2025-05-25T00:00:00.0Z",3,0
"Clear","2025-05-27T00:00:00.0Z",1,0
"Juniper ","2025-05-28T00:00:00.0Z",8,0
"Stoney","2025-05-28T00:00:00.0Z",5,0
"Frost","2025-05-29T00:00:00.0Z",11,0
"Henderson","2025-05-30T00:00:00.0Z",3,0
"99","2025-05-31T00:00:00.0Z",1,0
"East Side","2025-05-31T00:00:00.0Z",7,0
"Krueger","2025-06-02T00:00:00.0Z",2,0
"Rector","2025-06-02T00:00:00.0Z",14,0
"Chevy","2025-06-04T00:00:00.0Z",6,0
"Hilton","2025-06-04T00:00:00.0Z",1,0
"Stage Coach","2025-06-04T00:00:00.0Z",3,0
"Little","2025-06-06T00:00:00.0Z",11,0
"Feather","2025-06-07T00:00:00.0Z",7,0
"Evergreen","2025-06-08T00:00:00.0Z",12,0
"1-6 Debi","2025-06-12T00:00:00.0Z",8,0
"Booker","2025-06-12T00:00:00.0Z",1,0
"Firestone","2025-06-12T00:00:00.0Z",5,0
"Rocky ","2025-06-12T00:00:00.0Z",3,0
"Dogs","2025-06-14T00:00:00.0Z",2,0
"Dibble","2025-06-16T00:00:00.0Z",1,0
"Rush","2025-06-16T00:00:00.0Z",1,0
"Saddle","2025-06-16T00:00:00.0Z",1,0
"Bonanza","2025-06-17T00:00:00.0Z",24,0
"Band","2025-06-18T00:00:00.0Z",12,0
"Meacham","2025-06-19T00:00:00.0Z",24,0
"Stampfli","2025-06-19T00:00:00.0Z",2,0
"Ruth","2025-06-20T00:00:00.0Z",23,0
"Bug","2025-06-21T00:00:00.0Z",2,0
"Driver","2025-06-22T00:00:00.0Z",12,0
"Osborn","2025-06-22T00:00:00.0Z",1,0
"Montana","2025-06-24T00:00:00.0Z",2,0
"Mecca ","2025-06-25T00:00:00.0Z",1,0
"Shine","2025-06-25T00:00:00.0Z",4,0
"Red","2025-06-26T00:00:00.0Z",2,0
"Dustin","2025-06-28T00:00:00.0Z",3,0
"Schulmeyer","2025-06-28T00:00:00.0Z",10,0
"McCauley","2025-06-29T00:00:00.0Z",6,0
"Mindy","2025-06-29T00:00:00.0Z",40,0
"Wolf","2025-06-29T00:00:00.0Z",22,0
"James","2025-06-30T00:00:00.0Z",10,0
"Juniper","2025-06-30T00:00:00.0Z",59,0
"Perch","2025-06-30T00:00:00.0Z",7,0
"1 - 1 Mountain","2025-07-01T00:00:00.0Z",7,0
"Mad","2025-07-01T00:00:00.0Z",4,0
"Eagle","2025-07-03T00:00:00.0Z",1,0
"Grove","2025-07-04T00:00:00.0Z",13,0
"Rocky Crest","2025-07-04T00:00:00.0Z",1,0
"Kidder","2025-07-05T00:00:00.0Z",1,0
"Lauer ","2025-07-06T00:00:00.0Z",1,0
"Corning","2025-07-07T00:00:00.0Z",4,0
"Pickup","2025-07-09T00:00:00.0Z",14,0
"Rawson","2025-07-11T00:00:00.0Z",2,0
"Shirley","2025-07-12T00:00:00.0Z",3,0
"Trower","2025-07-12T00:00:00.0Z",1,0
"Osprey","2025-07-13T00:00:00.0Z",1,0
"Bradford","2025-07-16T00:00:00.0Z",16,0
"Dale","2025-07-16T00:00:00.0Z",3,0
"Everett","2025-07-17T00:00:00.0Z",6,0
"Enterprise Bridge ","2025-07-19T00:00:00.0Z",2,0
"Alta","2025-07-20T00:00:00.0Z",7,0
"Trap","2025-07-20T00:00:00.0Z",7,0
"Bass","2025-07-22T00:00:00.0Z",5,0
"Island","2025-07-22T00:00:00.0Z",6,0
"Orange","2025-07-22T00:00:00.0Z",19,0
"Volcano","2025-07-23T00:00:00.0Z",5,0
"Boneyard","2025-07-26T00:00:00.0Z",39,0
"Shawn","2025-07-30T00:00:00.0Z",9,0
"1-4","2025-07-31T00:00:00.0Z",17,0
"4-8","2025-08-01T00:00:00.0Z",1,0
"Lassen","2025-08-01T00:00:00.0Z",8,0
"Fremont","2025-08-02T00:00:00.0Z",2,0
"Gifford","2025-08-02T00:00:00.0Z",21,0
"Dusty","2025-08-03T00:00:00.0Z",2,0
"Rosa","2025-08-04T00:00:00.0Z",9,0
"Triangle","2025-08-06T00:00:00.0Z",1,0
"Tiger","2025-08-08T00:00:00.0Z",8,0
"Arden","2025-08-09T00:00:00.0Z",25,0
"Clark","2025-08-10T00:00:00.0Z",1,0
"Deon","2025-08-10T00:00:00.0Z",9,0
"Utah","2025-08-11T00:00:00.0Z",4,0
"Heather","2025-08-14T00:00:00.0Z",5,0
"Preston","2025-08-14T00:00:00.0Z",1,0
"Hadley","2025-08-17T00:00:00.0Z",4,0
"Rooster","2025-08-18T00:00:00.0Z",2,0
"Pickett","2025-08-21T00:00:00.0Z",41,0
"Seco","2025-08-21T00:00:00.0Z",3,0
"Garnet","2025-08-24T00:00:00.0Z",18,0
"Potters","2025-08-31T00:00:00.0Z",8,0
"18-1","2025-09-01T00:00:00.0Z",3,0
"MMU LightningComplex","2025-09-02T00:00:00.0Z",3,0
"TCU Complex","2025-09-02T00:00:00.0Z",278,0
"Branding","2025-09-03T00:00:00.0Z",2,0
"Wilderness","2025-09-07T00:00:00.0Z",1,0
"Coches 2","2025-09-08T00:00:00.0Z",143,0
"Kirkwood","2025-09-08T00:00:00.0Z",5,0
"Thunder","2025-09-11T00:00:00.0Z",2,0
"Roberts","2025-09-23T00:00:00.0Z",4,0
"Hummingbird","2025-10-03T00:00:00.0Z",6,0
"Citrus","2025-10-06T00:00:00.0Z",1,0
"Clearwater","2025-10-06T00:00:00.0Z",1,0
"Sandia","2025-10-07T00:00:00.0Z",2,0
"Winters","2025-10-18T00:00:00.0Z",2,0
"Murray","2025-10-19T00:00:00.0Z",2,0
"Totokon","2025-10-21T00:00:00.0Z",4,0
"Stallion","2025-10-22T00:00:00.0Z",3,0
"Stallion ","2025-10-22T00:00:00.0Z",2,0
"Gyle","2025-10-27T00:00:00.0Z",4,0
"The Pines ","2025-10-27T00:00:00.0Z",1,0
"Clifton","2025-11-02T00:00:00.0Z",13,0
"Meacham ","2025-11-04T00:00:00.0Z",5,0
"Blake","2025-11-07T00:00:00.0Z",11,0
"Blake ","2025-11-07T00:00:00.0Z",5,0
"Lanford","2025-11-07T00:00:00.0Z",4,0
"Carol","2025-11-09T00:00:00.0Z",3,0
"Mart","2025-11-09T00:00:00.0Z",2,0
"Conner","2025-11-11T00:00:00.0Z",6,0
"Hodson","2025-11-11T00:00:00.0Z",1,0
"Amorosa","2025-11-12T00:00:00.0Z",1,0
"Amorosa ","2025-11-12T00:00:00.0Z",1,0
"Pack","2025-11-13T00:00:00.0Z",50,0
"Camanche","2025-11-16T00:00:00.0Z",3,0
